{"cameraMode":{"drawMode":0,"name":"Shaded","section":"Shading Mode"},"sceneLighting":false,"audioPlay":false,"sceneViewState":{"showFog":true,"showMaterialUpdate":true,"showSkybox":false,"showFlares":true,"showImageEffects":true,"showParticleSystems":true},"in2DMode":false,"pivot":{"x":-0.026484809815883638,"y":-0.059021949768066409,"z":0.2881779670715332},"rotation":{"x":0.19816741347312928,"y":-0.01291881874203682,"z":0.00262791127897799,"w":0.9801041483879089},"size":3.603226661682129,"orthographic":false}