{"cameraMode":{"drawMode":0,"name":"Shaded","section":"Shading Mode"},"sceneLighting":true,"audioPlay":false,"sceneViewState":{"showFog":true,"showMaterialUpdate":true,"showSkybox":true,"showFlares":true,"showImageEffects":true,"showParticleSystems":true},"in2DMode":false,"pivot":{"x":3.3745925426483156,"y":3.2332615852355959,"z":-7.0323357582092289},"rotation":{"x":-0.24574264883995057,"y":0.1824844777584076,"z":-0.0471276193857193,"w":-0.9508800506591797},"size":7.346244812011719,"orthographic":false}